unit,age,sex,geo,year,value
NR,Y_LT5,T,AT,2019,432000
NR,Y_LT5,T,AT,2020,432000
NR,Y_LT5,T,AT,2021,432000
NR,Y_LT5,T,AT,2022,432000
NR,Y_LT5,T,AT,2023,432000
NR,Y_LT5,T,AT,2024,432000
NR,Y5-9,T,AT,2019,468000
NR,Y5-9,T,AT,2020,468000
NR,Y5-9,T,AT,2021,468000
NR,Y5-9,T,AT,2022,468000
NR,Y5-9,T,AT,2023,468000
NR,Y5-9,T,AT,2024,468000
NR,Y10-14,T,AT,2019,477000
NR,Y10-14,T,AT,2020,477000
NR,Y10-14,T,AT,2021,477000
NR,Y10-14,T,AT,2022,477000
NR,Y10-14,T,AT,2023,477000
NR,Y10-14,T,AT,2024,477000
NR,Y15-19,T,AT,2019,459000
NR,Y15-19,T,AT,2020,459000
NR,Y15-19,T,AT,2021,459000
NR,Y15-19,T,AT,2022,459000
NR,Y15-19,T,AT,2023,459000
NR,Y15-19,T,AT,2024,459000
NR,Y20-24,T,AT,2019,450000
NR,Y20-24,T,AT,2020,450000
NR,Y20-24,T,AT,2021,450000
NR,Y20-24,T,AT,2022,450000
NR,Y20-24,T,AT,2023,450000
NR,Y20-24,T,AT,2024,450000
NR,Y25-49,T,AT,2019,2988000
NR,Y25-49,T,AT,2020,2988000
NR,Y25-49,T,AT,2021,2988000
NR,Y25-49,T,AT,2022,2988000
NR,Y25-49,T,AT,2023,2988000
NR,Y25-49,T,AT,2024,2988000
NR,Y50-64,T,AT,2019,1926000
NR,Y50-64,T,AT,2020,1926000
NR,Y50-64,T,AT,2021,1926000
NR,Y50-64,T,AT,2022,1926000
NR,Y50-64,T,AT,2023,1926000
NR,Y50-64,T,AT,2024,1926000
NR,Y65-79,T,AT,2019,1260000
NR,Y65-79,T,AT,2020,1260000
NR,Y65-79,T,AT,2021,1260000
NR,Y65-79,T,AT,2022,1260000
NR,Y65-79,T,AT,2023,1260000
NR,Y65-79,T,AT,2024,1260000
NR,Y80-MAX,T,AT,2019,540000
NR,Y80-MAX,T,AT,2020,540000
NR,Y80-MAX,T,AT,2021,540000
NR,Y80-MAX,T,AT,2022,540000
NR,Y80-MAX,T,AT,2023,540000
NR,Y80-MAX,T,AT,2024,540000
NR,TOTAL,T,AT,2019,9000000
NR,TOTAL,T,AT,2020,9000000
NR,TOTAL,T,AT,2021,9000000
NR,TOTAL,T,AT,2022,9000000
NR,TOTAL,T,AT,2023,9000000
NR,TOTAL,T,AT,2024,9000000
NR,Y_LT5,T,BE,2019,556800
NR,Y_LT5,T,BE,2020,556800
NR,Y_LT5,T,BE,2021,556800
NR,Y_LT5,T,BE,2022,556800
NR,Y_LT5,T,BE,2023,556800
NR,Y_LT5,T,BE,2024,556800
NR,Y5-9,T,BE,2019,603200
NR,Y5-9,T,BE,2020,603200
NR,Y5-9,T,BE,2021,603200
NR,Y5-9,T,BE,2022,603200
NR,Y5-9,T,BE,2023,603200
NR,Y5-9,T,BE,2024,603200
NR,Y10-14,T,BE,2019,614800
NR,Y10-14,T,BE,2020,614800
NR,Y10-14,T,BE,2021,614800
NR,Y10-14,T,BE,2022,614800
NR,Y10-14,T,BE,2023,614800
NR,Y10-14,T,BE,2024,614800
NR,Y15-19,T,BE,2019,591599
NR,Y15-19,T,BE,2020,591599
NR,Y15-19,T,BE,2021,591599
NR,Y15-19,T,BE,2022,591599
NR,Y15-19,T,BE,2023,591599
NR,Y15-19,T,BE,2024,591599
NR,Y20-24,T,BE,2019,580000
NR,Y20-24,T,BE,2020,580000
NR,Y20-24,T,BE,2021,580000
NR,Y20-24,T,BE,2022,580000
NR,Y20-24,T,BE,2023,580000
NR,Y20-24,T,BE,2024,580000
NR,Y25-49,T,BE,2019,3851200
NR,Y25-49,T,BE,2020,3851200
NR,Y25-49,T,BE,2021,3851200
NR,Y25-49,T,BE,2022,3851200
NR,Y25-49,T,BE,2023,3851200
NR,Y25-49,T,BE,2024,3851200
NR,Y50-64,T,BE,2019,2482399
NR,Y50-64,T,BE,2020,2482399
NR,Y50-64,T,BE,2021,2482399
NR,Y50-64,T,BE,2022,2482399
NR,Y50-64,T,BE,2023,2482399
NR,Y50-64,T,BE,2024,2482399
NR,Y65-79,T,BE,2019,1624000
NR,Y65-79,T,BE,2020,1624000
NR,Y65-79,T,BE,2021,1624000
NR,Y65-79,T,BE,2022,1624000
NR,Y65-79,T,BE,2023,1624000
NR,Y65-79,T,BE,2024,1624000
NR,Y80-MAX,T,BE,2019,696000
NR,Y80-MAX,T,BE,2020,696000
NR,Y80-MAX,T,BE,2021,696000
NR,Y80-MAX,T,BE,2022,696000
NR,Y80-MAX,T,BE,2023,696000
NR,Y80-MAX,T,BE,2024,696000
NR,TOTAL,T,BE,2019,11600000
NR,TOTAL,T,BE,2020,11600000
NR,TOTAL,T,BE,2021,11600000
NR,TOTAL,T,BE,2022,11600000
NR,TOTAL,T,BE,2023,11600000
NR,TOTAL,T,BE,2024,11600000
NR,Y_LT5,T,BG,2019,307200
NR,Y_LT5,T,BG,2020,307200
NR,Y_LT5,T,BG,2021,307200
NR,Y_LT5,T,BG,2022,307200
NR,Y_LT5,T,BG,2023,307200
NR,Y_LT5,T,BG,2024,307200
NR,Y5-9,T,BG,2019,332800
NR,Y5-9,T,BG,2020,332800
NR,Y5-9,T,BG,2021,332800
NR,Y5-9,T,BG,2022,332800
NR,Y5-9,T,BG,2023,332800
NR,Y5-9,T,BG,2024,332800
NR,Y10-14,T,BG,2019,339200
NR,Y10-14,T,BG,2020,339200
NR,Y10-14,T,BG,2021,339200
NR,Y10-14,T,BG,2022,339200
NR,Y10-14,T,BG,2023,339200
NR,Y10-14,T,BG,2024,339200
NR,Y15-19,T,BG,2019,326399
NR,Y15-19,T,BG,2020,326399
NR,Y15-19,T,BG,2021,326399
NR,Y15-19,T,BG,2022,326399
NR,Y15-19,T,BG,2023,326399
NR,Y15-19,T,BG,2024,326399
NR,Y20-24,T,BG,2019,320000
NR,Y20-24,T,BG,2020,320000
NR,Y20-24,T,BG,2021,320000
NR,Y20-24,T,BG,2022,320000
NR,Y20-24,T,BG,2023,320000
NR,Y20-24,T,BG,2024,320000
NR,Y25-49,T,BG,2019,2124800
NR,Y25-49,T,BG,2020,2124800
NR,Y25-49,T,BG,2021,2124800
NR,Y25-49,T,BG,2022,2124800
NR,Y25-49,T,BG,2023,2124800
NR,Y25-49,T,BG,2024,2124800
NR,Y50-64,T,BG,2019,1369600
NR,Y50-64,T,BG,2020,1369600
NR,Y50-64,T,BG,2021,1369600
NR,Y50-64,T,BG,2022,1369600
NR,Y50-64,T,BG,2023,1369600
NR,Y50-64,T,BG,2024,1369600
NR,Y65-79,T,BG,2019,896000
NR,Y65-79,T,BG,2020,896000
NR,Y65-79,T,BG,2021,896000
NR,Y65-79,T,BG,2022,896000
NR,Y65-79,T,BG,2023,896000
NR,Y65-79,T,BG,2024,896000
NR,Y80-MAX,T,BG,2019,384000
NR,Y80-MAX,T,BG,2020,384000
NR,Y80-MAX,T,BG,2021,384000
NR,Y80-MAX,T,BG,2022,384000
NR,Y80-MAX,T,BG,2023,384000
NR,Y80-MAX,T,BG,2024,384000
NR,TOTAL,T,BG,2019,6400000
NR,TOTAL,T,BG,2020,6400000
NR,TOTAL,T,BG,2021,6400000
NR,TOTAL,T,BG,2022,6400000
NR,TOTAL,T,BG,2023,6400000
NR,TOTAL,T,BG,2024,6400000
NR,Y_LT5,T,CY,2019,43200
NR,Y_LT5,T,CY,2020,43200
NR,Y_LT5,T,CY,2021,43200
NR,Y_LT5,T,CY,2022,43200
NR,Y_LT5,T,CY,2023,43200
NR,Y_LT5,T,CY,2024,43200
NR,Y5-9,T,CY,2019,46800
NR,Y5-9,T,CY,2020,46800
NR,Y5-9,T,CY,2021,46800
NR,Y5-9,T,CY,2022,46800
NR,Y5-9,T,CY,2023,46800
NR,Y5-9,T,CY,2024,46800
NR,Y10-14,T,CY,2019,47700
NR,Y10-14,T,CY,2020,47700
NR,Y10-14,T,CY,2021,47700
NR,Y10-14,T,CY,2022,47700
NR,Y10-14,T,CY,2023,47700
NR,Y10-14,T,CY,2024,47700
NR,Y15-19,T,CY,2019,45900
NR,Y15-19,T,CY,2020,45900
NR,Y15-19,T,CY,2021,45900
NR,Y15-19,T,CY,2022,45900
NR,Y15-19,T,CY,2023,45900
NR,Y15-19,T,CY,2024,45900
NR,Y20-24,T,CY,2019,45000
NR,Y20-24,T,CY,2020,45000
NR,Y20-24,T,CY,2021,45000
NR,Y20-24,T,CY,2022,45000
NR,Y20-24,T,CY,2023,45000
NR,Y20-24,T,CY,2024,45000
NR,Y25-49,T,CY,2019,298800
NR,Y25-49,T,CY,2020,298800
NR,Y25-49,T,CY,2021,298800
NR,Y25-49,T,CY,2022,298800
NR,Y25-49,T,CY,2023,298800
NR,Y25-49,T,CY,2024,298800
NR,Y50-64,T,CY,2019,192600
NR,Y50-64,T,CY,2020,192600
NR,Y50-64,T,CY,2021,192600
NR,Y50-64,T,CY,2022,192600
NR,Y50-64,T,CY,2023,192600
NR,Y50-64,T,CY,2024,192600
NR,Y65-79,T,CY,2019,126000
NR,Y65-79,T,CY,2020,126000
NR,Y65-79,T,CY,2021,126000
NR,Y65-79,T,CY,2022,126000
NR,Y65-79,T,CY,2023,126000
NR,Y65-79,T,CY,2024,126000
NR,Y80-MAX,T,CY,2019,54000
NR,Y80-MAX,T,CY,2020,54000
NR,Y80-MAX,T,CY,2021,54000
NR,Y80-MAX,T,CY,2022,54000
NR,Y80-MAX,T,CY,2023,54000
NR,Y80-MAX,T,CY,2024,54000
NR,TOTAL,T,CY,2019,900000
NR,TOTAL,T,CY,2020,900000
NR,TOTAL,T,CY,2021,900000
NR,TOTAL,T,CY,2022,900000
NR,TOTAL,T,CY,2023,900000
NR,TOTAL,T,CY,2024,900000
NR,Y_LT5,T,CZ,2019,504000
NR,Y_LT5,T,CZ,2020,504000
NR,Y_LT5,T,CZ,2021,504000
NR,Y_LT5,T,CZ,2022,504000
NR,Y_LT5,T,CZ,2023,504000
NR,Y_LT5,T,CZ,2024,504000
NR,Y5-9,T,CZ,2019,546000
NR,Y5-9,T,CZ,2020,546000
NR,Y5-9,T,CZ,2021,546000
NR,Y5-9,T,CZ,2022,546000
NR,Y5-9,T,CZ,2023,546000
NR,Y5-9,T,CZ,2024,546000
NR,Y10-14,T,CZ,2019,556500
NR,Y10-14,T,CZ,2020,556500
NR,Y10-14,T,CZ,2021,556500
NR,Y10-14,T,CZ,2022,556500
NR,Y10-14,T,CZ,2023,556500
NR,Y10-14,T,CZ,2024,556500
NR,Y15-19,T,CZ,2019,535499
NR,Y15-19,T,CZ,2020,535499
NR,Y15-19,T,CZ,2021,535499
NR,Y15-19,T,CZ,2022,535499
NR,Y15-19,T,CZ,2023,535499
NR,Y15-19,T,CZ,2024,535499
NR,Y20-24,T,CZ,2019,525000
NR,Y20-24,T,CZ,2020,525000
NR,Y20-24,T,CZ,2021,525000
NR,Y20-24,T,CZ,2022,525000
NR,Y20-24,T,CZ,2023,525000
NR,Y20-24,T,CZ,2024,525000
NR,Y25-49,T,CZ,2019,3486000
NR,Y25-49,T,CZ,2020,3486000
NR,Y25-49,T,CZ,2021,3486000
NR,Y25-49,T,CZ,2022,3486000
NR,Y25-49,T,CZ,2023,3486000
NR,Y25-49,T,CZ,2024,3486000
NR,Y50-64,T,CZ,2019,2246999
NR,Y50-64,T,CZ,2020,2246999
NR,Y50-64,T,CZ,2021,2246999
NR,Y50-64,T,CZ,2022,2246999
NR,Y50-64,T,CZ,2023,2246999
NR,Y50-64,T,CZ,2024,2246999
NR,Y65-79,T,CZ,2019,1470000
NR,Y65-79,T,CZ,2020,1470000
NR,Y65-79,T,CZ,2021,1470000
NR,Y65-79,T,CZ,2022,1470000
NR,Y65-79,T,CZ,2023,1470000
NR,Y65-79,T,CZ,2024,1470000
NR,Y80-MAX,T,CZ,2019,630000
NR,Y80-MAX,T,CZ,2020,630000
NR,Y80-MAX,T,CZ,2021,630000
NR,Y80-MAX,T,CZ,2022,630000
NR,Y80-MAX,T,CZ,2023,630000
NR,Y80-MAX,T,CZ,2024,630000
NR,TOTAL,T,CZ,2019,10500000
NR,TOTAL,T,CZ,2020,10500000
NR,TOTAL,T,CZ,2021,10500000
NR,TOTAL,T,CZ,2022,10500000
NR,TOTAL,T,CZ,2023,10500000
NR,TOTAL,T,CZ,2024,10500000
NR,Y_LT5,T,DE,2019,3993600
NR,Y_LT5,T,DE,2020,3993600
NR,Y_LT5,T,DE,2021,3993600
NR,Y_LT5,T,DE,2022,3993600
NR,Y_LT5,T,DE,2023,3993600
NR,Y_LT5,T,DE,2024,3993600
NR,Y5-9,T,DE,2019,4326400
NR,Y5-9,T,DE,2020,4326400
NR,Y5-9,T,DE,2021,4326400
NR,Y5-9,T,DE,2022,4326400
NR,Y5-9,T,DE,2023,4326400
NR,Y5-9,T,DE,2024,4326400
NR,Y10-14,T,DE,2019,4409600
NR,Y10-14,T,DE,2020,4409600
NR,Y10-14,T,DE,2021,4409600
NR,Y10-14,T,DE,2022,4409600
NR,Y10-14,T,DE,2023,4409600
NR,Y10-14,T,DE,2024,4409600
NR,Y15-19,T,DE,2019,4243200
NR,Y15-19,T,DE,2020,4243200
NR,Y15-19,T,DE,2021,4243200
NR,Y15-19,T,DE,2022,4243200
NR,Y15-19,T,DE,2023,4243200
NR,Y15-19,T,DE,2024,4243200
NR,Y20-24,T,DE,2019,4160000
NR,Y20-24,T,DE,2020,4160000
NR,Y20-24,T,DE,2021,4160000
NR,Y20-24,T,DE,2022,4160000
NR,Y20-24,T,DE,2023,4160000
NR,Y20-24,T,DE,2024,4160000
NR,Y25-49,T,DE,2019,27622400
NR,Y25-49,T,DE,2020,27622400
NR,Y25-49,T,DE,2021,27622400
NR,Y25-49,T,DE,2022,27622400
NR,Y25-49,T,DE,2023,27622400
NR,Y25-49,T,DE,2024,27622400
NR,Y50-64,T,DE,2019,17804800
NR,Y50-64,T,DE,2020,17804800
NR,Y50-64,T,DE,2021,17804800
NR,Y50-64,T,DE,2022,17804800
NR,Y50-64,T,DE,2023,17804800
NR,Y50-64,T,DE,2024,17804800
NR,Y65-79,T,DE,2019,11648000
NR,Y65-79,T,DE,2020,11648000
NR,Y65-79,T,DE,2021,11648000
NR,Y65-79,T,DE,2022,11648000
NR,Y65-79,T,DE,2023,11648000
NR,Y65-79,T,DE,2024,11648000
NR,Y80-MAX,T,DE,2019,4992000
NR,Y80-MAX,T,DE,2020,4992000
NR,Y80-MAX,T,DE,2021,4992000
NR,Y80-MAX,T,DE,2022,4992000
NR,Y80-MAX,T,DE,2023,4992000
NR,Y80-MAX,T,DE,2024,4992000
NR,TOTAL,T,DE,2019,83200000
NR,TOTAL,T,DE,2020,83200000
NR,TOTAL,T,DE,2021,83200000
NR,TOTAL,T,DE,2022,83200000
NR,TOTAL,T,DE,2023,83200000
NR,TOTAL,T,DE,2024,83200000
NR,Y_LT5,T,DK,2019,283200
NR,Y_LT5,T,DK,2020,283200
NR,Y_LT5,T,DK,2021,283200
NR,Y_LT5,T,DK,2022,283200
NR,Y_LT5,T,DK,2023,283200
NR,Y_LT5,T,DK,2024,283200
NR,Y5-9,T,DK,2019,306800
NR,Y5-9,T,DK,2020,306800
NR,Y5-9,T,DK,2021,306800
NR,Y5-9,T,DK,2022,306800
NR,Y5-9,T,DK,2023,306800
NR,Y5-9,T,DK,2024,306800
NR,Y10-14,T,DK,2019,312700
NR,Y10-14,T,DK,2020,312700
NR,Y10-14,T,DK,2021,312700
NR,Y10-14,T,DK,2022,312700
NR,Y10-14,T,DK,2023,312700
NR,Y10-14,T,DK,2024,312700
NR,Y15-19,T,DK,2019,300899
NR,Y15-19,T,DK,2020,300899
NR,Y15-19,T,DK,2021,300899
NR,Y15-19,T,DK,2022,300899
NR,Y15-19,T,DK,2023,300899
NR,Y15-19,T,DK,2024,300899
NR,Y20-24,T,DK,2019,295000
NR,Y20-24,T,DK,2020,295000
NR,Y20-24,T,DK,2021,295000
NR,Y20-24,T,DK,2022,295000
NR,Y20-24,T,DK,2023,295000
NR,Y20-24,T,DK,2024,295000
NR,Y25-49,T,DK,2019,1958800
NR,Y25-49,T,DK,2020,1958800
NR,Y25-49,T,DK,2021,1958800
NR,Y25-49,T,DK,2022,1958800
NR,Y25-49,T,DK,2023,1958800
NR,Y25-49,T,DK,2024,1958800
NR,Y50-64,T,DK,2019,1262599
NR,Y50-64,T,DK,2020,1262599
NR,Y50-64,T,DK,2021,1262599
NR,Y50-64,T,DK,2022,1262599
NR,Y50-64,T,DK,2023,1262599
NR,Y50-64,T,DK,2024,1262599
NR,Y65-79,T,DK,2019,826000
NR,Y65-79,T,DK,2020,826000
NR,Y65-79,T,DK,2021,826000
NR,Y65-79,T,DK,2022,826000
NR,Y65-79,T,DK,2023,826000
NR,Y65-79,T,DK,2024,826000
NR,Y80-MAX,T,DK,2019,354000
NR,Y80-MAX,T,DK,2020,354000
NR,Y80-MAX,T,DK,2021,354000
NR,Y80-MAX,T,DK,2022,354000
NR,Y80-MAX,T,DK,2023,354000
NR,Y80-MAX,T,DK,2024,354000
NR,TOTAL,T,DK,2019,5900000
NR,TOTAL,T,DK,2020,5900000
NR,TOTAL,T,DK,2021,5900000
NR,TOTAL,T,DK,2022,5900000
NR,TOTAL,T,DK,2023,5900000
NR,TOTAL,T,DK,2024,5900000
NR,Y_LT5,T,EE,2019,62400
NR,Y_LT5,T,EE,2020,62400
NR,Y_LT5,T,EE,2021,62400
NR,Y_LT5,T,EE,2022,62400
NR,Y_LT5,T,EE,2023,62400
NR,Y_LT5,T,EE,2024,62400
NR,Y5-9,T,EE,2019,67600
NR,Y5-9,T,EE,2020,67600
NR,Y5-9,T,EE,2021,67600
NR,Y5-9,T,EE,2022,67600
NR,Y5-9,T,EE,2023,67600
NR,Y5-9,T,EE,2024,67600
NR,Y10-14,T,EE,2019,68900
NR,Y10-14,T,EE,2020,68900
NR,Y10-14,T,EE,2021,68900
NR,Y10-14,T,EE,2022,68900
NR,Y10-14,T,EE,2023,68900
NR,Y10-14,T,EE,2024,68900
NR,Y15-19,T,EE,2019,66300
NR,Y15-19,T,EE,2020,66300
NR,Y15-19,T,EE,2021,66300
NR,Y15-19,T,EE,2022,66300
NR,Y15-19,T,EE,2023,66300
NR,Y15-19,T,EE,2024,66300
NR,Y20-24,T,EE,2019,65000
NR,Y20-24,T,EE,2020,65000
NR,Y20-24,T,EE,2021,65000
NR,Y20-24,T,EE,2022,65000
NR,Y20-24,T,EE,2023,65000
NR,Y20-24,T,EE,2024,65000
NR,Y25-49,T,EE,2019,431600
NR,Y25-49,T,EE,2020,431600
NR,Y25-49,T,EE,2021,431600
NR,Y25-49,T,EE,2022,431600
NR,Y25-49,T,EE,2023,431600
NR,Y25-49,T,EE,2024,431600
NR,Y50-64,T,EE,2019,278200
NR,Y50-64,T,EE,2020,278200
NR,Y50-64,T,EE,2021,278200
NR,Y50-64,T,EE,2022,278200
NR,Y50-64,T,EE,2023,278200
NR,Y50-64,T,EE,2024,278200
NR,Y65-79,T,EE,2019,182000
NR,Y65-79,T,EE,2020,182000
NR,Y65-79,T,EE,2021,182000
NR,Y65-79,T,EE,2022,182000
NR,Y65-79,T,EE,2023,182000
NR,Y65-79,T,EE,2024,182000
NR,Y80-MAX,T,EE,2019,78000
NR,Y80-MAX,T,EE,2020,78000
NR,Y80-MAX,T,EE,2021,78000
NR,Y80-MAX,T,EE,2022,78000
NR,Y80-MAX,T,EE,2023,78000
NR,Y80-MAX,T,EE,2024,78000
NR,TOTAL,T,EE,2019,1300000
NR,TOTAL,T,EE,2020,1300000
NR,TOTAL,T,EE,2021,1300000
NR,TOTAL,T,EE,2022,1300000
NR,TOTAL,T,EE,2023,1300000
NR,TOTAL,T,EE,2024,1300000
NR,Y_LT5,T,EL,2019,499200
NR,Y_LT5,T,EL,2020,499200
NR,Y_LT5,T,EL,2021,499200
NR,Y_LT5,T,EL,2022,499200
NR,Y_LT5,T,EL,2023,499200
NR,Y_LT5,T,EL,2024,499200
NR,Y5-9,T,EL,2019,540800
NR,Y5-9,T,EL,2020,540800
NR,Y5-9,T,EL,2021,540800
NR,Y5-9,T,EL,2022,540800
NR,Y5-9,T,EL,2023,540800
NR,Y5-9,T,EL,2024,540800
NR,Y10-14,T,EL,2019,551200
NR,Y10-14,T,EL,2020,551200
NR,Y10-14,T,EL,2021,551200
NR,Y10-14,T,EL,2022,551200
NR,Y10-14,T,EL,2023,551200
NR,Y10-14,T,EL,2024,551200
NR,Y15-19,T,EL,2019,530400
NR,Y15-19,T,EL,2020,530400
NR,Y15-19,T,EL,2021,530400
NR,Y15-19,T,EL,2022,530400
NR,Y15-19,T,EL,2023,530400
NR,Y15-19,T,EL,2024,530400
NR,Y20-24,T,EL,2019,520000
NR,Y20-24,T,EL,2020,520000
NR,Y20-24,T,EL,2021,520000
NR,Y20-24,T,EL,2022,520000
NR,Y20-24,T,EL,2023,520000
NR,Y20-24,T,EL,2024,520000
NR,Y25-49,T,EL,2019,3452800
NR,Y25-49,T,EL,2020,3452800
NR,Y25-49,T,EL,2021,3452800
NR,Y25-49,T,EL,2022,3452800
NR,Y25-49,T,EL,2023,3452800
NR,Y25-49,T,EL,2024,3452800
NR,Y50-64,T,EL,2019,2225600
NR,Y50-64,T,EL,2020,2225600
NR,Y50-64,T,EL,2021,2225600
NR,Y50-64,T,EL,2022,2225600
NR,Y50-64,T,EL,2023,2225600
NR,Y50-64,T,EL,2024,2225600
NR,Y65-79,T,EL,2019,1456000
NR,Y65-79,T,EL,2020,1456000
NR,Y65-79,T,EL,2021,1456000
NR,Y65-79,T,EL,2022,1456000
NR,Y65-79,T,EL,2023,1456000
NR,Y65-79,T,EL,2024,1456000
NR,Y80-MAX,T,EL,2019,624000
NR,Y80-MAX,T,EL,2020,624000
NR,Y80-MAX,T,EL,2021,624000
NR,Y80-MAX,T,EL,2022,624000
NR,Y80-MAX,T,EL,2023,624000
NR,Y80-MAX,T,EL,2024,624000
NR,TOTAL,T,EL,2019,10400000
NR,TOTAL,T,EL,2020,10400000
NR,TOTAL,T,EL,2021,10400000
NR,TOTAL,T,EL,2022,10400000
NR,TOTAL,T,EL,2023,10400000
NR,TOTAL,T,EL,2024,10400000
NR,Y_LT5,T,ES,2019,2275200
NR,Y_LT5,T,ES,2020,2275200
NR,Y_LT5,T,ES,2021,2275200
NR,Y_LT5,T,ES,2022,2275200
NR,Y_LT5,T,ES,2023,2275200
NR,Y_LT5,T,ES,2024,2275200
NR,Y5-9,T,ES,2019,2464800
NR,Y5-9,T,ES,2020,2464800
NR,Y5-9,T,ES,2021,2464800
NR,Y5-9,T,ES,2022,2464800
NR,Y5-9,T,ES,2023,2464800
NR,Y5-9,T,ES,2024,2464800
NR,Y10-14,T,ES,2019,2512200
NR,Y10-14,T,ES,2020,2512200
NR,Y10-14,T,ES,2021,2512200
NR,Y10-14,T,ES,2022,2512200
NR,Y10-14,T,ES,2023,2512200
NR,Y10-14,T,ES,2024,2512200
NR,Y15-19,T,ES,2019,2417399
NR,Y15-19,T,ES,2020,2417399
NR,Y15-19,T,ES,2021,2417399
NR,Y15-19,T,ES,2022,2417399
NR,Y15-19,T,ES,2023,2417399
NR,Y15-19,T,ES,2024,2417399
NR,Y20-24,T,ES,2019,2370000
NR,Y20-24,T,ES,2020,2370000
NR,Y20-24,T,ES,2021,2370000
NR,Y20-24,T,ES,2022,2370000
NR,Y20-24,T,ES,2023,2370000
NR,Y20-24,T,ES,2024,2370000
NR,Y25-49,T,ES,2019,15736800
NR,Y25-49,T,ES,2020,15736800
NR,Y25-49,T,ES,2021,15736800
NR,Y25-49,T,ES,2022,15736800
NR,Y25-49,T,ES,2023,15736800
NR,Y25-49,T,ES,2024,15736800
NR,Y50-64,T,ES,2019,10143599
NR,Y50-64,T,ES,2020,10143599
NR,Y50-64,T,ES,2021,10143599
NR,Y50-64,T,ES,2022,10143599
NR,Y50-64,T,ES,2023,10143599
NR,Y50-64,T,ES,2024,10143599
NR,Y65-79,T,ES,2019,6636000
NR,Y65-79,T,ES,2020,6636000
NR,Y65-79,T,ES,2021,6636000
NR,Y65-79,T,ES,2022,6636000
NR,Y65-79,T,ES,2023,6636000
NR,Y65-79,T,ES,2024,6636000
NR,Y80-MAX,T,ES,2019,2844000
NR,Y80-MAX,T,ES,2020,2844000
NR,Y80-MAX,T,ES,2021,2844000
NR,Y80-MAX,T,ES,2022,2844000
NR,Y80-MAX,T,ES,2023,2844000
NR,Y80-MAX,T,ES,2024,2844000
NR,TOTAL,T,ES,2019,47400000
NR,TOTAL,T,ES,2020,47400000
NR,TOTAL,T,ES,2021,47400000
NR,TOTAL,T,ES,2022,47400000
NR,TOTAL,T,ES,2023,47400000
NR,TOTAL,T,ES,2024,47400000
NR,Y_LT5,T,FI,2019,264000
NR,Y_LT5,T,FI,2020,264000
NR,Y_LT5,T,FI,2021,264000
NR,Y_LT5,T,FI,2022,264000
NR,Y_LT5,T,FI,2023,264000
NR,Y_LT5,T,FI,2024,264000
NR,Y5-9,T,FI,2019,286000
NR,Y5-9,T,FI,2020,286000
NR,Y5-9,T,FI,2021,286000
NR,Y5-9,T,FI,2022,286000
NR,Y5-9,T,FI,2023,286000
NR,Y5-9,T,FI,2024,286000
NR,Y10-14,T,FI,2019,291500
NR,Y10-14,T,FI,2020,291500
NR,Y10-14,T,FI,2021,291500
NR,Y10-14,T,FI,2022,291500
NR,Y10-14,T,FI,2023,291500
NR,Y10-14,T,FI,2024,291500
NR,Y15-19,T,FI,2019,280499
NR,Y15-19,T,FI,2020,280499
NR,Y15-19,T,FI,2021,280499
NR,Y15-19,T,FI,2022,280499
NR,Y15-19,T,FI,2023,280499
NR,Y15-19,T,FI,2024,280499
NR,Y20-24,T,FI,2019,275000
NR,Y20-24,T,FI,2020,275000
NR,Y20-24,T,FI,2021,275000
NR,Y20-24,T,FI,2022,275000
NR,Y20-24,T,FI,2023,275000
NR,Y20-24,T,FI,2024,275000
NR,Y25-49,T,FI,2019,1826000
NR,Y25-49,T,FI,2020,1826000
NR,Y25-49,T,FI,2021,1826000
NR,Y25-49,T,FI,2022,1826000
NR,Y25-49,T,FI,2023,1826000
NR,Y25-49,T,FI,2024,1826000
NR,Y50-64,T,FI,2019,1176999
NR,Y50-64,T,FI,2020,1176999
NR,Y50-64,T,FI,2021,1176999
NR,Y50-64,T,FI,2022,1176999
NR,Y50-64,T,FI,2023,1176999
NR,Y50-64,T,FI,2024,1176999
NR,Y65-79,T,FI,2019,770000
NR,Y65-79,T,FI,2020,770000
NR,Y65-79,T,FI,2021,770000
NR,Y65-79,T,FI,2022,770000
NR,Y65-79,T,FI,2023,770000
NR,Y65-79,T,FI,2024,770000
NR,Y80-MAX,T,FI,2019,330000
NR,Y80-MAX,T,FI,2020,330000
NR,Y80-MAX,T,FI,2021,330000
NR,Y80-MAX,T,FI,2022,330000
NR,Y80-MAX,T,FI,2023,330000
NR,Y80-MAX,T,FI,2024,330000
NR,TOTAL,T,FI,2019,5500000
NR,TOTAL,T,FI,2020,5500000
NR,TOTAL,T,FI,2021,5500000
NR,TOTAL,T,FI,2022,5500000
NR,TOTAL,T,FI,2023,5500000
NR,TOTAL,T,FI,2024,5500000
NR,Y_LT5,T,FR,2019,3254400
NR,Y_LT5,T,FR,2020,3254400
NR,Y_LT5,T,FR,2021,3254400
NR,Y_LT5,T,FR,2022,3254400
NR,Y_LT5,T,FR,2023,3254400
NR,Y_LT5,T,FR,2024,3254400
NR,Y5-9,T,FR,2019,3525600
NR,Y5-9,T,FR,2020,3525600
NR,Y5-9,T,FR,2021,3525600
NR,Y5-9,T,FR,2022,3525600
NR,Y5-9,T,FR,2023,3525600
NR,Y5-9,T,FR,2024,3525600
NR,Y10-14,T,FR,2019,3593400
NR,Y10-14,T,FR,2020,3593400
NR,Y10-14,T,FR,2021,3593400
NR,Y10-14,T,FR,2022,3593400
NR,Y10-14,T,FR,2023,3593400
NR,Y10-14,T,FR,2024,3593400
NR,Y15-19,T,FR,2019,3457800
NR,Y15-19,T,FR,2020,3457800
NR,Y15-19,T,FR,2021,3457800
NR,Y15-19,T,FR,2022,3457800
NR,Y15-19,T,FR,2023,3457800
NR,Y15-19,T,FR,2024,3457800
NR,Y20-24,T,FR,2019,3390000
NR,Y20-24,T,FR,2020,3390000
NR,Y20-24,T,FR,2021,3390000
NR,Y20-24,T,FR,2022,3390000
NR,Y20-24,T,FR,2023,3390000
NR,Y20-24,T,FR,2024,3390000
NR,Y25-49,T,FR,2019,22509600
NR,Y25-49,T,FR,2020,22509600
NR,Y25-49,T,FR,2021,22509600
NR,Y25-49,T,FR,2022,22509600
NR,Y25-49,T,FR,2023,22509600
NR,Y25-49,T,FR,2024,22509600
NR,Y50-64,T,FR,2019,14509200
NR,Y50-64,T,FR,2020,14509200
NR,Y50-64,T,FR,2021,14509200
NR,Y50-64,T,FR,2022,14509200
NR,Y50-64,T,FR,2023,14509200
NR,Y50-64,T,FR,2024,14509200
NR,Y65-79,T,FR,2019,9492000
NR,Y65-79,T,FR,2020,9492000
NR,Y65-79,T,FR,2021,9492000
NR,Y65-79,T,FR,2022,9492000
NR,Y65-79,T,FR,2023,9492000
NR,Y65-79,T,FR,2024,9492000
NR,Y80-MAX,T,FR,2019,4068000
NR,Y80-MAX,T,FR,2020,4068000
NR,Y80-MAX,T,FR,2021,4068000
NR,Y80-MAX,T,FR,2022,4068000
NR,Y80-MAX,T,FR,2023,4068000
NR,Y80-MAX,T,FR,2024,4068000
NR,TOTAL,T,FR,2019,67800000
NR,TOTAL,T,FR,2020,67800000
NR,TOTAL,T,FR,2021,67800000
NR,TOTAL,T,FR,2022,67800000
NR,TOTAL,T,FR,2023,67800000
NR,TOTAL,T,FR,2024,67800000
NR,Y_LT5,T,HR,2019,187200
NR,Y_LT5,T,HR,2020,187200
NR,Y_LT5,T,HR,2021,187200
NR,Y_LT5,T,HR,2022,187200
NR,Y_LT5,T,HR,2023,187200
NR,Y_LT5,T,HR,2024,187200
NR,Y5-9,T,HR,2019,202800
NR,Y5-9,T,HR,2020,202800
NR,Y5-9,T,HR,2021,202800
NR,Y5-9,T,HR,2022,202800
NR,Y5-9,T,HR,2023,202800
NR,Y5-9,T,HR,2024,202800
NR,Y10-14,T,HR,2019,206700
NR,Y10-14,T,HR,2020,206700
NR,Y10-14,T,HR,2021,206700
NR,Y10-14,T,HR,2022,206700
NR,Y10-14,T,HR,2023,206700
NR,Y10-14,T,HR,2024,206700
NR,Y15-19,T,HR,2019,198900
NR,Y15-19,T,HR,2020,198900
NR,Y15-19,T,HR,2021,198900
NR,Y15-19,T,HR,2022,198900
NR,Y15-19,T,HR,2023,198900
NR,Y15-19,T,HR,2024,198900
NR,Y20-24,T,HR,2019,195000
NR,Y20-24,T,HR,2020,195000
NR,Y20-24,T,HR,2021,195000
NR,Y20-24,T,HR,2022,195000
NR,Y20-24,T,HR,2023,195000
NR,Y20-24,T,HR,2024,195000
NR,Y25-49,T,HR,2019,1294800
NR,Y25-49,T,HR,2020,1294800
NR,Y25-49,T,HR,2021,1294800
NR,Y25-49,T,HR,2022,1294800
NR,Y25-49,T,HR,2023,1294800
NR,Y25-49,T,HR,2024,1294800
NR,Y50-64,T,HR,2019,834600
NR,Y50-64,T,HR,2020,834600
NR,Y50-64,T,HR,2021,834600
NR,Y50-64,T,HR,2022,834600
NR,Y50-64,T,HR,2023,834600
NR,Y50-64,T,HR,2024,834600
NR,Y65-79,T,HR,2019,546000
NR,Y65-79,T,HR,2020,546000
NR,Y65-79,T,HR,2021,546000
NR,Y65-79,T,HR,2022,546000
NR,Y65-79,T,HR,2023,546000
NR,Y65-79,T,HR,2024,546000
NR,Y80-MAX,T,HR,2019,234000
NR,Y80-MAX,T,HR,2020,234000
NR,Y80-MAX,T,HR,2021,234000
NR,Y80-MAX,T,HR,2022,234000
NR,Y80-MAX,T,HR,2023,234000
NR,Y80-MAX,T,HR,2024,234000
NR,TOTAL,T,HR,2019,3900000
NR,TOTAL,T,HR,2020,3900000
NR,TOTAL,T,HR,2021,3900000
NR,TOTAL,T,HR,2022,3900000
NR,TOTAL,T,HR,2023,3900000
NR,TOTAL,T,HR,2024,3900000
NR,Y_LT5,T,HU,2019,460800
NR,Y_LT5,T,HU,2020,460800
NR,Y_LT5,T,HU,2021,460800
NR,Y_LT5,T,HU,2022,460800
NR,Y_LT5,T,HU,2023,460800
NR,Y_LT5,T,HU,2024,460800
NR,Y5-9,T,HU,2019,499200
NR,Y5-9,T,HU,2020,499200
NR,Y5-9,T,HU,2021,499200
NR,Y5-9,T,HU,2022,499200
NR,Y5-9,T,HU,2023,499200
NR,Y5-9,T,HU,2024,499200
NR,Y10-14,T,HU,2019,508800
NR,Y10-14,T,HU,2020,508800
NR,Y10-14,T,HU,2021,508800
NR,Y10-14,T,HU,2022,508800
NR,Y10-14,T,HU,2023,508800
NR,Y10-14,T,HU,2024,508800
NR,Y15-19,T,HU,2019,489600
NR,Y15-19,T,HU,2020,489600
NR,Y15-19,T,HU,2021,489600
NR,Y15-19,T,HU,2022,489600
NR,Y15-19,T,HU,2023,489600
NR,Y15-19,T,HU,2024,489600
NR,Y20-24,T,HU,2019,480000
NR,Y20-24,T,HU,2020,480000
NR,Y20-24,T,HU,2021,480000
NR,Y20-24,T,HU,2022,480000
NR,Y20-24,T,HU,2023,480000
NR,Y20-24,T,HU,2024,480000
NR,Y25-49,T,HU,2019,3187200
NR,Y25-49,T,HU,2020,3187200
NR,Y25-49,T,HU,2021,3187200
NR,Y25-49,T,HU,2022,3187200
NR,Y25-49,T,HU,2023,3187200
NR,Y25-49,T,HU,2024,3187200
NR,Y50-64,T,HU,2019,2054400
NR,Y50-64,T,HU,2020,2054400
NR,Y50-64,T,HU,2021,2054400
NR,Y50-64,T,HU,2022,2054400
NR,Y50-64,T,HU,2023,2054400
NR,Y50-64,T,HU,2024,2054400
NR,Y65-79,T,HU,2019,1344000
NR,Y65-79,T,HU,2020,1344000
NR,Y65-79,T,HU,2021,1344000
NR,Y65-79,T,HU,2022,1344000
NR,Y65-79,T,HU,2023,1344000
NR,Y65-79,T,HU,2024,1344000
NR,Y80-MAX,T,HU,2019,576000
NR,Y80-MAX,T,HU,2020,576000
NR,Y80-MAX,T,HU,2021,576000
NR,Y80-MAX,T,HU,2022,576000
NR,Y80-MAX,T,HU,2023,576000
NR,Y80-MAX,T,HU,2024,576000
NR,TOTAL,T,HU,2019,9600000
NR,TOTAL,T,HU,2020,9600000
NR,TOTAL,T,HU,2021,9600000
NR,TOTAL,T,HU,2022,9600000
NR,TOTAL,T,HU,2023,9600000
NR,TOTAL,T,HU,2024,9600000
NR,Y_LT5,T,IE,2019,244800
NR,Y_LT5,T,IE,2020,244800
NR,Y_LT5,T,IE,2021,244800
NR,Y_LT5,T,IE,2022,244800
NR,Y_LT5,T,IE,2023,244800
NR,Y_LT5,T,IE,2024,244800
NR,Y5-9,T,IE,2019,265200
NR,Y5-9,T,IE,2020,265200
NR,Y5-9,T,IE,2021,265200
NR,Y5-9,T,IE,2022,265200
NR,Y5-9,T,IE,2023,265200
NR,Y5-9,T,IE,2024,265200
NR,Y10-14,T,IE,2019,270300
NR,Y10-14,T,IE,2020,270300
NR,Y10-14,T,IE,2021,270300
NR,Y10-14,T,IE,2022,270300
NR,Y10-14,T,IE,2023,270300
NR,Y10-14,T,IE,2024,270300
NR,Y15-19,T,IE,2019,260100
NR,Y15-19,T,IE,2020,260100
NR,Y15-19,T,IE,2021,260100
NR,Y15-19,T,IE,2022,260100
NR,Y15-19,T,IE,2023,260100
NR,Y15-19,T,IE,2024,260100
NR,Y20-24,T,IE,2019,255000
NR,Y20-24,T,IE,2020,255000
NR,Y20-24,T,IE,2021,255000
NR,Y20-24,T,IE,2022,255000
NR,Y20-24,T,IE,2023,255000
NR,Y20-24,T,IE,2024,255000
NR,Y25-49,T,IE,2019,1693200
NR,Y25-49,T,IE,2020,1693200
NR,Y25-49,T,IE,2021,1693200
NR,Y25-49,T,IE,2022,1693200
NR,Y25-49,T,IE,2023,1693200
NR,Y25-49,T,IE,2024,1693200
NR,Y50-64,T,IE,2019,1091400
NR,Y50-64,T,IE,2020,1091400
NR,Y50-64,T,IE,2021,1091400
NR,Y50-64,T,IE,2022,1091400
NR,Y50-64,T,IE,2023,1091400
NR,Y50-64,T,IE,2024,1091400
NR,Y65-79,T,IE,2019,714000
NR,Y65-79,T,IE,2020,714000
NR,Y65-79,T,IE,2021,714000
NR,Y65-79,T,IE,2022,714000
NR,Y65-79,T,IE,2023,714000
NR,Y65-79,T,IE,2024,714000
NR,Y80-MAX,T,IE,2019,306000
NR,Y80-MAX,T,IE,2020,306000
NR,Y80-MAX,T,IE,2021,306000
NR,Y80-MAX,T,IE,2022,306000
NR,Y80-MAX,T,IE,2023,306000
NR,Y80-MAX,T,IE,2024,306000
NR,TOTAL,T,IE,2019,5100000
NR,TOTAL,T,IE,2020,5100000
NR,TOTAL,T,IE,2021,5100000
NR,TOTAL,T,IE,2022,5100000
NR,TOTAL,T,IE,2023,5100000
NR,TOTAL,T,IE,2024,5100000
NR,Y_LT5,T,IT,2019,2832000
NR,Y_LT5,T,IT,2020,2832000
NR,Y_LT5,T,IT,2021,2832000
NR,Y_LT5,T,IT,2022,2832000
NR,Y_LT5,T,IT,2023,2832000
NR,Y_LT5,T,IT,2024,2832000
NR,Y5-9,T,IT,2019,3068000
NR,Y5-9,T,IT,2020,3068000
NR,Y5-9,T,IT,2021,3068000
NR,Y5-9,T,IT,2022,3068000
NR,Y5-9,T,IT,2023,3068000
NR,Y5-9,T,IT,2024,3068000
NR,Y10-14,T,IT,2019,3127000
NR,Y10-14,T,IT,2020,3127000
NR,Y10-14,T,IT,2021,3127000
NR,Y10-14,T,IT,2022,3127000
NR,Y10-14,T,IT,2023,3127000
NR,Y10-14,T,IT,2024,3127000
NR,Y15-19,T,IT,2019,3009000
NR,Y15-19,T,IT,2020,3009000
NR,Y15-19,T,IT,2021,3009000
NR,Y15-19,T,IT,2022,3009000
NR,Y15-19,T,IT,2023,3009000
NR,Y15-19,T,IT,2024,3009000
NR,Y20-24,T,IT,2019,2950000
NR,Y20-24,T,IT,2020,2950000
NR,Y20-24,T,IT,2021,2950000
NR,Y20-24,T,IT,2022,2950000
NR,Y20-24,T,IT,2023,2950000
NR,Y20-24,T,IT,2024,2950000
NR,Y25-49,T,IT,2019,19588000
NR,Y25-49,T,IT,2020,19588000
NR,Y25-49,T,IT,2021,19588000
NR,Y25-49,T,IT,2022,19588000
NR,Y25-49,T,IT,2023,19588000
NR,Y25-49,T,IT,2024,19588000
NR,Y50-64,T,IT,2019,12626000
NR,Y50-64,T,IT,2020,12626000
NR,Y50-64,T,IT,2021,12626000
NR,Y50-64,T,IT,2022,12626000
NR,Y50-64,T,IT,2023,12626000
NR,Y50-64,T,IT,2024,12626000
NR,Y65-79,T,IT,2019,8260000
NR,Y65-79,T,IT,2020,8260000
NR,Y65-79,T,IT,2021,8260000
NR,Y65-79,T,IT,2022,8260000
NR,Y65-79,T,IT,2023,8260000
NR,Y65-79,T,IT,2024,8260000
NR,Y80-MAX,T,IT,2019,3540000
NR,Y80-MAX,T,IT,2020,3540000
NR,Y80-MAX,T,IT,2021,3540000
NR,Y80-MAX,T,IT,2022,3540000
NR,Y80-MAX,T,IT,2023,3540000
NR,Y80-MAX,T,IT,2024,3540000
NR,TOTAL,T,IT,2019,59000000
NR,TOTAL,T,IT,2020,59000000
NR,TOTAL,T,IT,2021,59000000
NR,TOTAL,T,IT,2022,59000000
NR,TOTAL,T,IT,2023,59000000
NR,TOTAL,T,IT,2024,59000000
NR,Y_LT5,T,LT,2019,134400
NR,Y_LT5,T,LT,2020,134400
NR,Y_LT5,T,LT,2021,134400
NR,Y_LT5,T,LT,2022,134400
NR,Y_LT5,T,LT,2023,134400
NR,Y_LT5,T,LT,2024,134400
NR,Y5-9,T,LT,2019,145600
NR,Y5-9,T,LT,2020,145600
NR,Y5-9,T,LT,2021,145600
NR,Y5-9,T,LT,2022,145600
NR,Y5-9,T,LT,2023,145600
NR,Y5-9,T,LT,2024,145600
NR,Y10-14,T,LT,2019,148400
NR,Y10-14,T,LT,2020,148400
NR,Y10-14,T,LT,2021,148400
NR,Y10-14,T,LT,2022,148400
NR,Y10-14,T,LT,2023,148400
NR,Y10-14,T,LT,2024,148400
NR,Y15-19,T,LT,2019,142799
NR,Y15-19,T,LT,2020,142799
NR,Y15-19,T,LT,2021,142799
NR,Y15-19,T,LT,2022,142799
NR,Y15-19,T,LT,2023,142799
NR,Y15-19,T,LT,2024,142799
NR,Y20-24,T,LT,2019,140000
NR,Y20-24,T,LT,2020,140000
NR,Y20-24,T,LT,2021,140000
NR,Y20-24,T,LT,2022,140000
NR,Y20-24,T,LT,2023,140000
NR,Y20-24,T,LT,2024,140000
NR,Y25-49,T,LT,2019,929600
NR,Y25-49,T,LT,2020,929600
NR,Y25-49,T,LT,2021,929600
NR,Y25-49,T,LT,2022,929600
NR,Y25-49,T,LT,2023,929600
NR,Y25-49,T,LT,2024,929600
NR,Y50-64,T,LT,2019,599199
NR,Y50-64,T,LT,2020,599199
NR,Y50-64,T,LT,2021,599199
NR,Y50-64,T,LT,2022,599199
NR,Y50-64,T,LT,2023,599199
NR,Y50-64,T,LT,2024,599199
NR,Y65-79,T,LT,2019,392000
NR,Y65-79,T,LT,2020,392000
NR,Y65-79,T,LT,2021,392000
NR,Y65-79,T,LT,2022,392000
NR,Y65-79,T,LT,2023,392000
NR,Y65-79,T,LT,2024,392000
NR,Y80-MAX,T,LT,2019,168000
NR,Y80-MAX,T,LT,2020,168000
NR,Y80-MAX,T,LT,2021,168000
NR,Y80-MAX,T,LT,2022,168000
NR,Y80-MAX,T,LT,2023,168000
NR,Y80-MAX,T,LT,2024,168000
NR,TOTAL,T,LT,2019,2800000
NR,TOTAL,T,LT,2020,2800000
NR,TOTAL,T,LT,2021,2800000
NR,TOTAL,T,LT,2022,2800000
NR,TOTAL,T,LT,2023,2800000
NR,TOTAL,T,LT,2024,2800000
NR,Y_LT5,T,LU,2019,28800
NR,Y_LT5,T,LU,2020,28800
NR,Y_LT5,T,LU,2021,28800
NR,Y_LT5,T,LU,2022,28800
NR,Y_LT5,T,LU,2023,28800
NR,Y_LT5,T,LU,2024,28800
NR,Y5-9,T,LU,2019,31200
NR,Y5-9,T,LU,2020,31200
NR,Y5-9,T,LU,2021,31200
NR,Y5-9,T,LU,2022,31200
NR,Y5-9,T,LU,2023,31200
NR,Y5-9,T,LU,2024,31200
NR,Y10-14,T,LU,2019,31800
NR,Y10-14,T,LU,2020,31800
NR,Y10-14,T,LU,2021,31800
NR,Y10-14,T,LU,2022,31800
NR,Y10-14,T,LU,2023,31800
NR,Y10-14,T,LU,2024,31800
NR,Y15-19,T,LU,2019,30600
NR,Y15-19,T,LU,2020,30600
NR,Y15-19,T,LU,2021,30600
NR,Y15-19,T,LU,2022,30600
NR,Y15-19,T,LU,2023,30600
NR,Y15-19,T,LU,2024,30600
NR,Y20-24,T,LU,2019,30000
NR,Y20-24,T,LU,2020,30000
NR,Y20-24,T,LU,2021,30000
NR,Y20-24,T,LU,2022,30000
NR,Y20-24,T,LU,2023,30000
NR,Y20-24,T,LU,2024,30000
NR,Y25-49,T,LU,2019,199200
NR,Y25-49,T,LU,2020,199200
NR,Y25-49,T,LU,2021,199200
NR,Y25-49,T,LU,2022,199200
NR,Y25-49,T,LU,2023,199200
NR,Y25-49,T,LU,2024,199200
NR,Y50-64,T,LU,2019,128400
NR,Y50-64,T,LU,2020,128400
NR,Y50-64,T,LU,2021,128400
NR,Y50-64,T,LU,2022,128400
NR,Y50-64,T,LU,2023,128400
NR,Y50-64,T,LU,2024,128400
NR,Y65-79,T,LU,2019,84000
NR,Y65-79,T,LU,2020,84000
NR,Y65-79,T,LU,2021,84000
NR,Y65-79,T,LU,2022,84000
NR,Y65-79,T,LU,2023,84000
NR,Y65-79,T,LU,2024,84000
NR,Y80-MAX,T,LU,2019,36000
NR,Y80-MAX,T,LU,2020,36000
NR,Y80-MAX,T,LU,2021,36000
NR,Y80-MAX,T,LU,2022,36000
NR,Y80-MAX,T,LU,2023,36000
NR,Y80-MAX,T,LU,2024,36000
NR,TOTAL,T,LU,2019,600000
NR,TOTAL,T,LU,2020,600000
NR,TOTAL,T,LU,2021,600000
NR,TOTAL,T,LU,2022,600000
NR,TOTAL,T,LU,2023,600000
NR,TOTAL,T,LU,2024,600000
NR,Y_LT5,T,LV,2019,91200
NR,Y_LT5,T,LV,2020,91200
NR,Y_LT5,T,LV,2021,91200
NR,Y_LT5,T,LV,2022,91200
NR,Y_LT5,T,LV,2023,91200
NR,Y_LT5,T,LV,2024,91200
NR,Y5-9,T,LV,2019,98800
NR,Y5-9,T,LV,2020,98800
NR,Y5-9,T,LV,2021,98800
NR,Y5-9,T,LV,2022,98800
NR,Y5-9,T,LV,2023,98800
NR,Y5-9,T,LV,2024,98800
NR,Y10-14,T,LV,2019,100700
NR,Y10-14,T,LV,2020,100700
NR,Y10-14,T,LV,2021,100700
NR,Y10-14,T,LV,2022,100700
NR,Y10-14,T,LV,2023,100700
NR,Y10-14,T,LV,2024,100700
NR,Y15-19,T,LV,2019,96900
NR,Y15-19,T,LV,2020,96900
NR,Y15-19,T,LV,2021,96900
NR,Y15-19,T,LV,2022,96900
NR,Y15-19,T,LV,2023,96900
NR,Y15-19,T,LV,2024,96900
NR,Y20-24,T,LV,2019,95000
NR,Y20-24,T,LV,2020,95000
NR,Y20-24,T,LV,2021,95000
NR,Y20-24,T,LV,2022,95000
NR,Y20-24,T,LV,2023,95000
NR,Y20-24,T,LV,2024,95000
NR,Y25-49,T,LV,2019,630800
NR,Y25-49,T,LV,2020,630800
NR,Y25-49,T,LV,2021,630800
NR,Y25-49,T,LV,2022,630800
NR,Y25-49,T,LV,2023,630800
NR,Y25-49,T,LV,2024,630800
NR,Y50-64,T,LV,2019,406600
NR,Y50-64,T,LV,2020,406600
NR,Y50-64,T,LV,2021,406600
NR,Y50-64,T,LV,2022,406600
NR,Y50-64,T,LV,2023,406600
NR,Y50-64,T,LV,2024,406600
NR,Y65-79,T,LV,2019,266000
NR,Y65-79,T,LV,2020,266000
NR,Y65-79,T,LV,2021,266000
NR,Y65-79,T,LV,2022,266000
NR,Y65-79,T,LV,2023,266000
NR,Y65-79,T,LV,2024,266000
NR,Y80-MAX,T,LV,2019,114000
NR,Y80-MAX,T,LV,2020,114000
NR,Y80-MAX,T,LV,2021,114000
NR,Y80-MAX,T,LV,2022,114000
NR,Y80-MAX,T,LV,2023,114000
NR,Y80-MAX,T,LV,2024,114000
NR,TOTAL,T,LV,2019,1900000
NR,TOTAL,T,LV,2020,1900000
NR,TOTAL,T,LV,2021,1900000
NR,TOTAL,T,LV,2022,1900000
NR,TOTAL,T,LV,2023,1900000
NR,TOTAL,T,LV,2024,1900000
NR,Y_LT5,T,MT,2019,24000
NR,Y_LT5,T,MT,2020,24000
NR,Y_LT5,T,MT,2021,24000
NR,Y_LT5,T,MT,2022,24000
NR,Y_LT5,T,MT,2023,24000
NR,Y_LT5,T,MT,2024,24000
NR,Y5-9,T,MT,2019,26000
NR,Y5-9,T,MT,2020,26000
NR,Y5-9,T,MT,2021,26000
NR,Y5-9,T,MT,2022,26000
NR,Y5-9,T,MT,2023,26000
NR,Y5-9,T,MT,2024,26000
NR,Y10-14,T,MT,2019,26500
NR,Y10-14,T,MT,2020,26500
NR,Y10-14,T,MT,2021,26500
NR,Y10-14,T,MT,2022,26500
NR,Y10-14,T,MT,2023,26500
NR,Y10-14,T,MT,2024,26500
NR,Y15-19,T,MT,2019,25500
NR,Y15-19,T,MT,2020,25500
NR,Y15-19,T,MT,2021,25500
NR,Y15-19,T,MT,2022,25500
NR,Y15-19,T,MT,2023,25500
NR,Y15-19,T,MT,2024,25500
NR,Y20-24,T,MT,2019,25000
NR,Y20-24,T,MT,2020,25000
NR,Y20-24,T,MT,2021,25000
NR,Y20-24,T,MT,2022,25000
NR,Y20-24,T,MT,2023,25000
NR,Y20-24,T,MT,2024,25000
NR,Y25-49,T,MT,2019,166000
NR,Y25-49,T,MT,2020,166000
NR,Y25-49,T,MT,2021,166000
NR,Y25-49,T,MT,2022,166000
NR,Y25-49,T,MT,2023,166000
NR,Y25-49,T,MT,2024,166000
NR,Y50-64,T,MT,2019,107000
NR,Y50-64,T,MT,2020,107000
NR,Y50-64,T,MT,2021,107000
NR,Y50-64,T,MT,2022,107000
NR,Y50-64,T,MT,2023,107000
NR,Y50-64,T,MT,2024,107000
NR,Y65-79,T,MT,2019,70000
NR,Y65-79,T,MT,2020,70000
NR,Y65-79,T,MT,2021,70000
NR,Y65-79,T,MT,2022,70000
NR,Y65-79,T,MT,2023,70000
NR,Y65-79,T,MT,2024,70000
NR,Y80-MAX,T,MT,2019,30000
NR,Y80-MAX,T,MT,2020,30000
NR,Y80-MAX,T,MT,2021,30000
NR,Y80-MAX,T,MT,2022,30000
NR,Y80-MAX,T,MT,2023,30000
NR,Y80-MAX,T,MT,2024,30000
NR,TOTAL,T,MT,2019,500000
NR,TOTAL,T,MT,2020,500000
NR,TOTAL,T,MT,2021,500000
NR,TOTAL,T,MT,2022,500000
NR,TOTAL,T,MT,2023,500000
NR,TOTAL,T,MT,2024,500000
NR,Y_LT5,T,NL,2019,840000
NR,Y_LT5,T,NL,2020,840000
NR,Y_LT5,T,NL,2021,840000
NR,Y_LT5,T,NL,2022,840000
NR,Y_LT5,T,NL,2023,840000
NR,Y_LT5,T,NL,2024,840000
NR,Y5-9,T,NL,2019,910000
NR,Y5-9,T,NL,2020,910000
NR,Y5-9,T,NL,2021,910000
NR,Y5-9,T,NL,2022,910000
NR,Y5-9,T,NL,2023,910000
NR,Y5-9,T,NL,2024,910000
NR,Y10-14,T,NL,2019,927500
NR,Y10-14,T,NL,2020,927500
NR,Y10-14,T,NL,2021,927500
NR,Y10-14,T,NL,2022,927500
NR,Y10-14,T,NL,2023,927500
NR,Y10-14,T,NL,2024,927500
NR,Y15-19,T,NL,2019,892500
NR,Y15-19,T,NL,2020,892500
NR,Y15-19,T,NL,2021,892500
NR,Y15-19,T,NL,2022,892500
NR,Y15-19,T,NL,2023,892500
NR,Y15-19,T,NL,2024,892500
NR,Y20-24,T,NL,2019,875000
NR,Y20-24,T,NL,2020,875000
NR,Y20-24,T,NL,2021,875000
NR,Y20-24,T,NL,2022,875000
NR,Y20-24,T,NL,2023,875000
NR,Y20-24,T,NL,2024,875000
NR,Y25-49,T,NL,2019,5810000
NR,Y25-49,T,NL,2020,5810000
NR,Y25-49,T,NL,2021,5810000
NR,Y25-49,T,NL,2022,5810000
NR,Y25-49,T,NL,2023,5810000
NR,Y25-49,T,NL,2024,5810000
NR,Y50-64,T,NL,2019,3745000
NR,Y50-64,T,NL,2020,3745000
NR,Y50-64,T,NL,2021,3745000
NR,Y50-64,T,NL,2022,3745000
NR,Y50-64,T,NL,2023,3745000
NR,Y50-64,T,NL,2024,3745000
NR,Y65-79,T,NL,2019,2450000
NR,Y65-79,T,NL,2020,2450000
NR,Y65-79,T,NL,2021,2450000
NR,Y65-79,T,NL,2022,2450000
NR,Y65-79,T,NL,2023,2450000
NR,Y65-79,T,NL,2024,2450000
NR,Y80-MAX,T,NL,2019,1050000
NR,Y80-MAX,T,NL,2020,1050000
NR,Y80-MAX,T,NL,2021,1050000
NR,Y80-MAX,T,NL,2022,1050000
NR,Y80-MAX,T,NL,2023,1050000
NR,Y80-MAX,T,NL,2024,1050000
NR,TOTAL,T,NL,2019,17500000
NR,TOTAL,T,NL,2020,17500000
NR,TOTAL,T,NL,2021,17500000
NR,TOTAL,T,NL,2022,17500000
NR,TOTAL,T,NL,2023,17500000
NR,TOTAL,T,NL,2024,17500000
NR,Y_LT5,T,PL,2019,1809600
NR,Y_LT5,T,PL,2020,1809600
NR,Y_LT5,T,PL,2021,1809600
NR,Y_LT5,T,PL,2022,1809600
NR,Y_LT5,T,PL,2023,1809600
NR,Y_LT5,T,PL,2024,1809600
NR,Y5-9,T,PL,2019,1960400
NR,Y5-9,T,PL,2020,1960400
NR,Y5-9,T,PL,2021,1960400
NR,Y5-9,T,PL,2022,1960400
NR,Y5-9,T,PL,2023,1960400
NR,Y5-9,T,PL,2024,1960400
NR,Y10-14,T,PL,2019,1998100
NR,Y10-14,T,PL,2020,1998100
NR,Y10-14,T,PL,2021,1998100
NR,Y10-14,T,PL,2022,1998100
NR,Y10-14,T,PL,2023,1998100
NR,Y10-14,T,PL,2024,1998100
NR,Y15-19,T,PL,2019,1922700
NR,Y15-19,T,PL,2020,1922700
NR,Y15-19,T,PL,2021,1922700
NR,Y15-19,T,PL,2022,1922700
NR,Y15-19,T,PL,2023,1922700
NR,Y15-19,T,PL,2024,1922700
NR,Y20-24,T,PL,2019,1885000
NR,Y20-24,T,PL,2020,1885000
NR,Y20-24,T,PL,2021,1885000
NR,Y20-24,T,PL,2022,1885000
NR,Y20-24,T,PL,2023,1885000
NR,Y20-24,T,PL,2024,1885000
NR,Y25-49,T,PL,2019,12516400
NR,Y25-49,T,PL,2020,12516400
NR,Y25-49,T,PL,2021,12516400
NR,Y25-49,T,PL,2022,12516400
NR,Y25-49,T,PL,2023,12516400
NR,Y25-49,T,PL,2024,12516400
NR,Y50-64,T,PL,2019,8067800
NR,Y50-64,T,PL,2020,8067800
NR,Y50-64,T,PL,2021,8067800
NR,Y50-64,T,PL,2022,8067800
NR,Y50-64,T,PL,2023,8067800
NR,Y50-64,T,PL,2024,8067800
NR,Y65-79,T,PL,2019,5278000
NR,Y65-79,T,PL,2020,5278000
NR,Y65-79,T,PL,2021,5278000
NR,Y65-79,T,PL,2022,5278000
NR,Y65-79,T,PL,2023,5278000
NR,Y65-79,T,PL,2024,5278000
NR,Y80-MAX,T,PL,2019,2262000
NR,Y80-MAX,T,PL,2020,2262000
NR,Y80-MAX,T,PL,2021,2262000
NR,Y80-MAX,T,PL,2022,2262000
NR,Y80-MAX,T,PL,2023,2262000
NR,Y80-MAX,T,PL,2024,2262000
NR,TOTAL,T,PL,2019,37700000
NR,TOTAL,T,PL,2020,37700000
NR,TOTAL,T,PL,2021,37700000
NR,TOTAL,T,PL,2022,37700000
NR,TOTAL,T,PL,2023,37700000
NR,TOTAL,T,PL,2024,37700000
NR,Y_LT5,T,PT,2019,494400
NR,Y_LT5,T,PT,2020,494400
NR,Y_LT5,T,PT,2021,494400
NR,Y_LT5,T,PT,2022,494400
NR,Y_LT5,T,PT,2023,494400
NR,Y_LT5,T,PT,2024,494400
NR,Y5-9,T,PT,2019,535600
NR,Y5-9,T,PT,2020,535600
NR,Y5-9,T,PT,2021,535600
NR,Y5-9,T,PT,2022,535600
NR,Y5-9,T,PT,2023,535600
NR,Y5-9,T,PT,2024,535600
NR,Y10-14,T,PT,2019,545900
NR,Y10-14,T,PT,2020,545900
NR,Y10-14,T,PT,2021,545900
NR,Y10-14,T,PT,2022,545900
NR,Y10-14,T,PT,2023,545900
NR,Y10-14,T,PT,2024,545900
NR,Y15-19,T,PT,2019,525300
NR,Y15-19,T,PT,2020,525300
NR,Y15-19,T,PT,2021,525300
NR,Y15-19,T,PT,2022,525300
NR,Y15-19,T,PT,2023,525300
NR,Y15-19,T,PT,2024,525300
NR,Y20-24,T,PT,2019,515000
NR,Y20-24,T,PT,2020,515000
NR,Y20-24,T,PT,2021,515000
NR,Y20-24,T,PT,2022,515000
NR,Y20-24,T,PT,2023,515000
NR,Y20-24,T,PT,2024,515000
NR,Y25-49,T,PT,2019,3419600
NR,Y25-49,T,PT,2020,3419600
NR,Y25-49,T,PT,2021,3419600
NR,Y25-49,T,PT,2022,3419600
NR,Y25-49,T,PT,2023,3419600
NR,Y25-49,T,PT,2024,3419600
NR,Y50-64,T,PT,2019,2204200
NR,Y50-64,T,PT,2020,2204200
NR,Y50-64,T,PT,2021,2204200
NR,Y50-64,T,PT,2022,2204200
NR,Y50-64,T,PT,2023,2204200
NR,Y50-64,T,PT,2024,2204200
NR,Y65-79,T,PT,2019,1442000
NR,Y65-79,T,PT,2020,1442000
NR,Y65-79,T,PT,2021,1442000
NR,Y65-79,T,PT,2022,1442000
NR,Y65-79,T,PT,2023,1442000
NR,Y65-79,T,PT,2024,1442000
NR,Y80-MAX,T,PT,2019,618000
NR,Y80-MAX,T,PT,2020,618000
NR,Y80-MAX,T,PT,2021,618000
NR,Y80-MAX,T,PT,2022,618000
NR,Y80-MAX,T,PT,2023,618000
NR,Y80-MAX,T,PT,2024,618000
NR,TOTAL,T,PT,2019,10300000
NR,TOTAL,T,PT,2020,10300000
NR,TOTAL,T,PT,2021,10300000
NR,TOTAL,T,PT,2022,10300000
NR,TOTAL,T,PT,2023,10300000
NR,TOTAL,T,PT,2024,10300000
NR,Y_LT5,T,RO,2019,916800
NR,Y_LT5,T,RO,2020,916800
NR,Y_LT5,T,RO,2021,916800
NR,Y_LT5,T,RO,2022,916800
NR,Y_LT5,T,RO,2023,916800
NR,Y_LT5,T,RO,2024,916800
NR,Y5-9,T,RO,2019,993200
NR,Y5-9,T,RO,2020,993200
NR,Y5-9,T,RO,2021,993200
NR,Y5-9,T,RO,2022,993200
NR,Y5-9,T,RO,2023,993200
NR,Y5-9,T,RO,2024,993200
NR,Y10-14,T,RO,2019,1012300
NR,Y10-14,T,RO,2020,1012300
NR,Y10-14,T,RO,2021,1012300
NR,Y10-14,T,RO,2022,1012300
NR,Y10-14,T,RO,2023,1012300
NR,Y10-14,T,RO,2024,1012300
NR,Y15-19,T,RO,2019,974100
NR,Y15-19,T,RO,2020,974100
NR,Y15-19,T,RO,2021,974100
NR,Y15-19,T,RO,2022,974100
NR,Y15-19,T,RO,2023,974100
NR,Y15-19,T,RO,2024,974100
NR,Y20-24,T,RO,2019,955000
NR,Y20-24,T,RO,2020,955000
NR,Y20-24,T,RO,2021,955000
NR,Y20-24,T,RO,2022,955000
NR,Y20-24,T,RO,2023,955000
NR,Y20-24,T,RO,2024,955000
NR,Y25-49,T,RO,2019,6341200
NR,Y25-49,T,RO,2020,6341200
NR,Y25-49,T,RO,2021,6341200
NR,Y25-49,T,RO,2022,6341200
NR,Y25-49,T,RO,2023,6341200
NR,Y25-49,T,RO,2024,6341200
NR,Y50-64,T,RO,2019,4087400
NR,Y50-64,T,RO,2020,4087400
NR,Y50-64,T,RO,2021,4087400
NR,Y50-64,T,RO,2022,4087400
NR,Y50-64,T,RO,2023,4087400
NR,Y50-64,T,RO,2024,4087400
NR,Y65-79,T,RO,2019,2674000
NR,Y65-79,T,RO,2020,2674000
NR,Y65-79,T,RO,2021,2674000
NR,Y65-79,T,RO,2022,2674000
NR,Y65-79,T,RO,2023,2674000
NR,Y65-79,T,RO,2024,2674000
NR,Y80-MAX,T,RO,2019,1146000
NR,Y80-MAX,T,RO,2020,1146000
NR,Y80-MAX,T,RO,2021,1146000
NR,Y80-MAX,T,RO,2022,1146000
NR,Y80-MAX,T,RO,2023,1146000
NR,Y80-MAX,T,RO,2024,1146000
NR,TOTAL,T,RO,2019,19100000
NR,TOTAL,T,RO,2020,19100000
NR,TOTAL,T,RO,2021,19100000
NR,TOTAL,T,RO,2022,19100000
NR,TOTAL,T,RO,2023,19100000
NR,TOTAL,T,RO,2024,19100000
NR,Y_LT5,T,SE,2019,504000
NR,Y_LT5,T,SE,2020,504000
NR,Y_LT5,T,SE,2021,504000
NR,Y_LT5,T,SE,2022,504000
NR,Y_LT5,T,SE,2023,504000
NR,Y_LT5,T,SE,2024,504000
NR,Y5-9,T,SE,2019,546000
NR,Y5-9,T,SE,2020,546000
NR,Y5-9,T,SE,2021,546000
NR,Y5-9,T,SE,2022,546000
NR,Y5-9,T,SE,2023,546000
NR,Y5-9,T,SE,2024,546000
NR,Y10-14,T,SE,2019,556500
NR,Y10-14,T,SE,2020,556500
NR,Y10-14,T,SE,2021,556500
NR,Y10-14,T,SE,2022,556500
NR,Y10-14,T,SE,2023,556500
NR,Y10-14,T,SE,2024,556500
NR,Y15-19,T,SE,2019,535499
NR,Y15-19,T,SE,2020,535499
NR,Y15-19,T,SE,2021,535499
NR,Y15-19,T,SE,2022,535499
NR,Y15-19,T,SE,2023,535499
NR,Y15-19,T,SE,2024,535499
NR,Y20-24,T,SE,2019,525000
NR,Y20-24,T,SE,2020,525000
NR,Y20-24,T,SE,2021,525000
NR,Y20-24,T,SE,2022,525000
NR,Y20-24,T,SE,2023,525000
NR,Y20-24,T,SE,2024,525000
NR,Y25-49,T,SE,2019,3486000
NR,Y25-49,T,SE,2020,3486000
NR,Y25-49,T,SE,2021,3486000
NR,Y25-49,T,SE,2022,3486000
NR,Y25-49,T,SE,2023,3486000
NR,Y25-49,T,SE,2024,3486000
NR,Y50-64,T,SE,2019,2246999
NR,Y50-64,T,SE,2020,2246999
NR,Y50-64,T,SE,2021,2246999
NR,Y50-64,T,SE,2022,2246999
NR,Y50-64,T,SE,2023,2246999
NR,Y50-64,T,SE,2024,2246999
NR,Y65-79,T,SE,2019,1470000
NR,Y65-79,T,SE,2020,1470000
NR,Y65-79,T,SE,2021,1470000
NR,Y65-79,T,SE,2022,1470000
NR,Y65-79,T,SE,2023,1470000
NR,Y65-79,T,SE,2024,1470000
NR,Y80-MAX,T,SE,2019,630000
NR,Y80-MAX,T,SE,2020,630000
NR,Y80-MAX,T,SE,2021,630000
NR,Y80-MAX,T,SE,2022,630000
NR,Y80-MAX,T,SE,2023,630000
NR,Y80-MAX,T,SE,2024,630000
NR,TOTAL,T,SE,2019,10500000
NR,TOTAL,T,SE,2020,10500000
NR,TOTAL,T,SE,2021,10500000
NR,TOTAL,T,SE,2022,10500000
NR,TOTAL,T,SE,2023,10500000
NR,TOTAL,T,SE,2024,10500000
NR,Y_LT5,T,SI,2019,100800
NR,Y_LT5,T,SI,2020,100800
NR,Y_LT5,T,SI,2021,100800
NR,Y_LT5,T,SI,2022,100800
NR,Y_LT5,T,SI,2023,100800
NR,Y_LT5,T,SI,2024,100800
NR,Y5-9,T,SI,2019,109200
NR,Y5-9,T,SI,2020,109200
NR,Y5-9,T,SI,2021,109200
NR,Y5-9,T,SI,2022,109200
NR,Y5-9,T,SI,2023,109200
NR,Y5-9,T,SI,2024,109200
NR,Y10-14,T,SI,2019,111300
NR,Y10-14,T,SI,2020,111300
NR,Y10-14,T,SI,2021,111300
NR,Y10-14,T,SI,2022,111300
NR,Y10-14,T,SI,2023,111300
NR,Y10-14,T,SI,2024,111300
NR,Y15-19,T,SI,2019,107100
NR,Y15-19,T,SI,2020,107100
NR,Y15-19,T,SI,2021,107100
NR,Y15-19,T,SI,2022,107100
NR,Y15-19,T,SI,2023,107100
NR,Y15-19,T,SI,2024,107100
NR,Y20-24,T,SI,2019,105000
NR,Y20-24,T,SI,2020,105000
NR,Y20-24,T,SI,2021,105000
NR,Y20-24,T,SI,2022,105000
NR,Y20-24,T,SI,2023,105000
NR,Y20-24,T,SI,2024,105000
NR,Y25-49,T,SI,2019,697200
NR,Y25-49,T,SI,2020,697200
NR,Y25-49,T,SI,2021,697200
NR,Y25-49,T,SI,2022,697200
NR,Y25-49,T,SI,2023,697200
NR,Y25-49,T,SI,2024,697200
NR,Y50-64,T,SI,2019,449400
NR,Y50-64,T,SI,2020,449400
NR,Y50-64,T,SI,2021,449400
NR,Y50-64,T,SI,2022,449400
NR,Y50-64,T,SI,2023,449400
NR,Y50-64,T,SI,2024,449400
NR,Y65-79,T,SI,2019,294000
NR,Y65-79,T,SI,2020,294000
NR,Y65-79,T,SI,2021,294000
NR,Y65-79,T,SI,2022,294000
NR,Y65-79,T,SI,2023,294000
NR,Y65-79,T,SI,2024,294000
NR,Y80-MAX,T,SI,2019,126000
NR,Y80-MAX,T,SI,2020,126000
NR,Y80-MAX,T,SI,2021,126000
NR,Y80-MAX,T,SI,2022,126000
NR,Y80-MAX,T,SI,2023,126000
NR,Y80-MAX,T,SI,2024,126000
NR,TOTAL,T,SI,2019,2100000
NR,TOTAL,T,SI,2020,2100000
NR,TOTAL,T,SI,2021,2100000
NR,TOTAL,T,SI,2022,2100000
NR,TOTAL,T,SI,2023,2100000
NR,TOTAL,T,SI,2024,2100000
NR,Y_LT5,T,SK,2019,264000
NR,Y_LT5,T,SK,2020,264000
NR,Y_LT5,T,SK,2021,264000
NR,Y_LT5,T,SK,2022,264000
NR,Y_LT5,T,SK,2023,264000
NR,Y_LT5,T,SK,2024,264000
NR,Y5-9,T,SK,2019,286000
NR,Y5-9,T,SK,2020,286000
NR,Y5-9,T,SK,2021,286000
NR,Y5-9,T,SK,2022,286000
NR,Y5-9,T,SK,2023,286000
NR,Y5-9,T,SK,2024,286000
NR,Y10-14,T,SK,2019,291500
NR,Y10-14,T,SK,2020,291500
NR,Y10-14,T,SK,2021,291500
NR,Y10-14,T,SK,2022,291500
NR,Y10-14,T,SK,2023,291500
NR,Y10-14,T,SK,2024,291500
NR,Y15-19,T,SK,2019,280499
NR,Y15-19,T,SK,2020,280499
NR,Y15-19,T,SK,2021,280499
NR,Y15-19,T,SK,2022,280499
NR,Y15-19,T,SK,2023,280499
NR,Y15-19,T,SK,2024,280499
NR,Y20-24,T,SK,2019,275000
NR,Y20-24,T,SK,2020,275000
NR,Y20-24,T,SK,2021,275000
NR,Y20-24,T,SK,2022,275000
NR,Y20-24,T,SK,2023,275000
NR,Y20-24,T,SK,2024,275000
NR,Y25-49,T,SK,2019,1826000
NR,Y25-49,T,SK,2020,1826000
NR,Y25-49,T,SK,2021,1826000
NR,Y25-49,T,SK,2022,1826000
NR,Y25-49,T,SK,2023,1826000
NR,Y25-49,T,SK,2024,1826000
NR,Y50-64,T,SK,2019,1176999
NR,Y50-64,T,SK,2020,1176999
NR,Y50-64,T,SK,2021,1176999
NR,Y50-64,T,SK,2022,1176999
NR,Y50-64,T,SK,2023,1176999
NR,Y50-64,T,SK,2024,1176999
NR,Y65-79,T,SK,2019,770000
NR,Y65-79,T,SK,2020,770000
NR,Y65-79,T,SK,2021,770000
NR,Y65-79,T,SK,2022,770000
NR,Y65-79,T,SK,2023,770000
NR,Y65-79,T,SK,2024,770000
NR,Y80-MAX,T,SK,2019,330000
NR,Y80-MAX,T,SK,2020,330000
NR,Y80-MAX,T,SK,2021,330000
NR,Y80-MAX,T,SK,2022,330000
NR,Y80-MAX,T,SK,2023,330000
NR,Y80-MAX,T,SK,2024,330000
NR,TOTAL,T,SK,2019,5500000
NR,TOTAL,T,SK,2020,5500000
NR,TOTAL,T,SK,2021,5500000
NR,TOTAL,T,SK,2022,5500000
NR,TOTAL,T,SK,2023,5500000
NR,TOTAL,T,SK,2024,5500000
